position	region	base	class	max_relative_brightness	min_relative_brightness
1	C1	T	II	0.8	0.61
2	C1	A	II	0.8	0.61
3	C1	T	II	0.8	0.61
4	C1	C	II	0.8	0.61
5	C1	T	II	0.8	0.61
6	C1	G	II	0.8	0.61
7	C1	G	II	0.8	0.61
8	C1	T	II	0.8	0.61
9	C1	T	II	0.8	0.61
10	C1	G	II	0.8	0.61
11	C1	A	II	0.8	0.61
12	C1	T	II	0.8	0.61
13	C1	C	II	0.8	0.61
14	C1	C	II	0.8	0.61
15	C1	T	II	0.8	0.61
16	C1	G	II	0.8	0.61
17	C1	C	II	0.8	0.61
18	C1	C	II	0.8	0.61
19	C1	A	II	0.8	0.61
20	C1	G	II	0.8	0.61
21	C1	T	II	0.8	0.61
22	C1	A	II	0.8	0.61
23	C1	G	II	0.8	0.61
24	C1	T	II	0.8	0.61
25	C1	C	II	0.8	0.61
26	C1	A	II	0.8	0.61
27	C1	T	II	0.8	0.61
28	C1	A	II	0.8	0.61
29	C1	T	II	0.8	0.61
30	C1	G	II	0.8	0.61
31	C1	C	II	0.8	0.61
32	C1	T	II	0.8	0.61
33	C1	T	II	0.8	0.61
34	C1	G	II	0.8	0.61
35	C1	T	II	0.8	0.61
36	C1	C	IV	0.4	0.21
37	C1	T	IV	0.4	0.21
38	C1	C	IV	0.4	0.21
39	C1	A	IV	0.4	0.21
40	C1	A	IV	0.4	0.21
41	C1	A	IV	0.4	0.21
42	C1	G	IV	0.4	0.21
43	C1	A	IV	0.4	0.21
44	C1	T	IV	0.4	0.21
45	C1	T	IV	0.4	0.21
46	C1	A	IV	0.4	0.21
47	C1	A	IV	0.4	0.21
48	C1	G	IV	0.4	0.21
49	C1	C	IV	0.4	0.21
50	C1	C	IV	0.4	0.21
51	C1	A	IV	0.4	0.21
52	C1	T	IV	0.4	0.21
53	C1	G	IV	0.4	0.21
54	C1	C	IV	0.4	0.21
55	C1	A	IV	0.4	0.21
56	C1	T	IV	0.4	0.21
57	V1	G	IV	0.4	0.21
58	V1	T	IV	0.4	0.21
59	V1	C	IV	0.4	0.21
60	V1	T	IV	0.4	0.21
61	V1	A	IV	0.4	0.21
62	V1	A	IV	0.4	0.21
63	V1	G	IV	0.4	0.21
64	V1	T	IV	0.4	0.21
65	V1	A	IV	0.4	0.21
66	V1	T	IV	0.4	0.21
67	V1	A	IV	0.4	0.21
68	V1	A	IV	0.4	0.21
69	V1	G	IV	0.4	0.21
70	V1	C	IV	0.4	0.21
71	V1	A	IV	0.4	0.21
72	V1	A	IV	0.4	0.21
73	V1	T	IV	0.4	0.21
74	V1	T	IV	0.4	0.21
75	V1	T	IV	0.4	0.21
76	V1	A	IV	0.4	0.21
77	V1	T	IV	0.4	0.21
78	V1	A	IV	0.4	0.21
79	V1	C	IV	0.4	0.21
80	V1	A	IV	0.4	0.21
81	V1	G	IV	0.4	0.21
82	V1	T	IV	0.4	0.21
83	V1	G	IV	0.4	0.21
84	V1	A	II	0.8	0.61
85	V1	A	II	0.8	0.61
86	V1	A	II	0.8	0.61
87	V1	C	II	0.8	0.61
88	V1	T	II	0.8	0.61
89	V1	G	II	0.8	0.61
90	V1	C	II	0.8	0.61
91	C2	G	II	0.8	0.61
92	C2	A	II	0.8	0.61
93	C2	A	II	0.8	0.61
94	C2	T	II	0.8	0.61
95	C2	G	II	0.8	0.61
96	C2	G	II	0.8	0.61
97	C2	C	II	0.8	0.61
98	C2	T	II	0.8	0.61
99	C2	C	II	0.8	0.61
100	C2	A	II	0.8	0.61
101	C2	T	II	0.8	0.61
102	C2	T	II	0.8	0.61
103	C2	A	II	0.8	0.61
104	C2	A	II	0.8	0.61
105	C2	A	II	0.8	0.61
106	C2	T	II	0.8	0.61
107	C2	C	IV	0.4	0.21
108	C2	A	IV	0.4	0.21
109	C2	G	IV	0.4	0.21
110	C2	T	IV	0.4	0.21
111	C2	T	IV	0.4	0.21
112	C2	A	IV	0.4	0.21
113	C2	T	IV	0.4	0.21
114	C2	C	IV	0.4	0.21
115	C2	G	IV	0.4	0.21
116	C2	T	IV	0.4	0.21
117	C2	T	IV	0.4	0.21
118	C2	T	IV	0.4	0.21
119	C2	A	IV	0.4	0.21
120	C2	T	IV	0.4	0.21
121	C2	T	IV	0.4	0.21
122	V2	T	V	0.2	0.06
123	V2	G	V	0.2	0.06
124	V2	A	V	0.2	0.06
125	V2	T	V	0.2	0.06
126	V2	A	V	0.2	0.06
127	V2	G	V	0.2	0.06
128	V2	T	V	0.2	0.06
129	V2	T	V	0.2	0.06
130	V2	C	V	0.2	0.06
131	V2	C	V	0.2	0.06
132	V2	T	V	0.2	0.06
133	V2	T	V	0.2	0.06
134	V2	T	V	0.2	0.06
135	V2	A	V	0.2	0.06
136	V2	C	V	0.2	0.06
137	V2	T	V	0.2	0.06
138	V2	A	V	0.2	0.06
139	V2	C	V	0.2	0.06
140	V2	A	V	0.2	0.06
141	V2	T	V	0.2	0.06
142	V2	G	V	0.2	0.06
143	V2	G	III	0.6	0.41
144	V2	T	III	0.6	0.41
145	V2	A	III	0.6	0.41
146	V2	T	III	0.6	0.41
147	V2	A	III	0.6	0.41
148	V2	A	III	0.6	0.41
149	V2	C	III	0.6	0.41
150	V2	T	III	0.6	0.41
151	V2	G	III	0.6	0.41
152	V2	T	III	0.6	0.41
153	V2	G	III	0.6	0.41
154	V2	G	III	0.6	0.41
155	V2	T	III	0.6	0.41
156	V2	A	III	0.6	0.41
157	V2	A	III	0.6	0.41
158	V2	T	III	0.6	0.41
159	V2	T	III	0.6	0.41
160	V2	C	I	1	0.81
161	V2	T	I	1	0.81
162	V2	A	I	1	0.81
163	V2	G	I	1	0.81
164	V2	A	I	1	0.81
165	V2	G	I	1	0.81
166	V2	C	I	1	0.81
167	V2	T	I	1	0.81
168	V2	A	I	1	0.81
169	V2	A	I	1	0.81
170	V2	T	I	1	0.81
171	V2	A	I	1	0.81
172	V2	C	I	1	0.81
173	V2	A	I	1	0.81
174	V2	T	I	1	0.81
175	V2	G	I	1	0.81
176	V2	C	I	1	0.81
177	V2	T	I	1	0.81
178	V2	T	I	1	0.81
179	V2	A	V	0.2	0.06
180	V2	A	V	0.2	0.06
181	V2	A	V	0.2	0.06
182	V2	A	V	0.2	0.06
183	V2	T	V	0.2	0.06
184	V2	C	V	0.2	0.06
185	V2	T	V	0.2	0.06
186	V2	C	V	0.2	0.06
187	V2	G	V	0.2	0.06
188	V2	A	V	0.2	0.06
189	V2	C	V	0.2	0.06
190	V2	C	V	0.2	0.06
191	V2	C	V	0.2	0.06
192	V2	T	V	0.2	0.06
193	V2	T	V	0.2	0.06
194	V2	T	V	0.2	0.06
195	V2	G	V	0.2	0.06
196	V2	G	V	0.2	0.06
197	V2	A	III	0.6	0.41
198	V2	A	III	0.6	0.41
199	V2	G	III	0.6	0.41
200	V2	A	III	0.6	0.41
201	V2	G	III	0.6	0.41
202	V2	A	III	0.6	0.41
203	V2	T	III	0.6	0.41
204	V2	G	III	0.6	0.41
205	V2	T	III	0.6	0.41
206	V2	A	III	0.6	0.41
207	V2	T	III	0.6	0.41
208	V2	T	III	0.6	0.41
209	V2	T	III	0.6	0.41
210	V2	A	III	0.6	0.41
211	V2	T	III	0.6	0.41
212	V2	T	III	0.6	0.41
213	V2	A	III	0.6	0.41
214	V2	G	III	0.6	0.41
215	V2	A	III	0.6	0.41
216	V2	T	III	0.6	0.41
217	V2	A	III	0.6	0.41
218	V2	A	III	0.6	0.41
219	V2	A	III	0.6	0.41
220	V2	A	III	0.6	0.41
221	V2	A	III	0.6	0.41
222	V2	A	III	0.6	0.41
223	V2	T	III	0.6	0.41
224	V2	C	III	0.6	0.41
225	V2	A	III	0.6	0.41
226	V2	A	III	0.6	0.41
227	V2	T	III	0.6	0.41
228	V2	G	III	0.6	0.41
229	V2	T	III	0.6	0.41
230	V2	C	III	0.6	0.41
231	V2	T	III	0.6	0.41
232	V2	T	III	0.6	0.41
233	V2	C	III	0.6	0.41
234	V2	G	III	0.6	0.41
235	V2	G	III	0.6	0.41
236	V2	A	III	0.6	0.41
237	V2	C	III	0.6	0.41
238	V2	T	III	0.6	0.41
239	V2	C	III	0.6	0.41
240	V2	T	III	0.6	0.41
241	V2	T	III	0.6	0.41
242	V2	T	III	0.6	0.41
243	V2	G	III	0.6	0.41
244	V2	A	III	0.6	0.41
245	V2	T	III	0.6	0.41
246	V2	G	III	0.6	0.41
247	V2	A	III	0.6	0.41
248	V2	T	III	0.6	0.41
249	V2	T	III	0.6	0.41
250	V2	C	III	0.6	0.41
251	V2	A	III	0.6	0.41
252	V2	T	IV	0.4	0.21
253	V2	A	IV	0.4	0.21
254	V2	A	IV	0.4	0.21
255	V2	T	IV	0.4	0.21
256	V2	A	IV	0.4	0.21
257	V2	A	IV	0.4	0.21
258	V2	C	IV	0.4	0.21
259	V2	T	IV	0.4	0.21
260	V2	T	IV	0.4	0.21
261	V2	T	IV	0.4	0.21
262	V2	T	IV	0.4	0.21
263	V2	C	IV	0.4	0.21
264	V2	G	IV	0.4	0.21
265	V2	A	IV	0.4	0.21
266	V2	A	IV	0.4	0.21
267	V2	T	IV	0.4	0.21
268	V2	C	IV	0.4	0.21
269	V2	G	IV	0.4	0.21
270	V2	C	IV	0.4	0.21
271	V2	A	III	0.6	0.41
272	V2	T	III	0.6	0.41
273	V2	G	III	0.6	0.41
274	V2	G	III	0.6	0.41
275	V2	C	III	0.6	0.41
276	V2	C	III	0.6	0.41
277	V2	T	III	0.6	0.41
278	V2	T	III	0.6	0.41
279	V2	G	III	0.6	0.41
280	V2	T	III	0.6	0.41
281	V2	G	III	0.6	0.41
282	V2	C	III	0.6	0.41
283	V2	T	III	0.6	0.41
284	V2	G	III	0.6	0.41
285	V2	G	III	0.6	0.41
286	V2	C	III	0.6	0.41
287	V2	G	III	0.6	0.41
288	V2	A	IV	0.4	0.21
289	V2	T	IV	0.4	0.21
290	V2	G	IV	0.4	0.21
291	V2	G	IV	0.4	0.21
292	V2	T	IV	0.4	0.21
293	V2	T	IV	0.4	0.21
294	V2	C	IV	0.4	0.21
295	C3	A	IV	0.4	0.21
296	C3	T	IV	0.4	0.21
297	C3	T	IV	0.4	0.21
298	C3	C	IV	0.4	0.21
299	C3	A	IV	0.4	0.21
300	C3	A	IV	0.4	0.21
301	C3	A	IV	0.4	0.21
302	C3	T	IV	0.4	0.21
303	C3	T	IV	0.4	0.21
304	C3	T	II	0.8	0.61
305	C3	C	II	0.8	0.61
306	C3	T	II	0.8	0.61
307	C3	G	II	0.8	0.61
308	C3	C	II	0.8	0.61
309	C3	C	II	0.8	0.61
310	C3	C	II	0.8	0.61
311	C3	T	II	0.8	0.61
312	C3	A	II	0.8	0.61
313	C3	T	II	0.8	0.61
314	C3	C	II	0.8	0.61
315	C3	A	II	0.8	0.61
316	C3	A	II	0.8	0.61
317	C3	C	II	0.8	0.61
318	C3	T	II	0.8	0.61
319	C3	T	II	0.8	0.61
320	C3	T	II	0.8	0.61
321	C3	C	II	0.8	0.61
322	C3	G	II	0.8	0.61
323	C3	A	II	0.8	0.61
324	C3	T	III	0.6	0.41
325	C3	G	III	0.6	0.41
326	C3	G	III	0.6	0.41
327	C3	T	III	0.6	0.41
328	C3	A	III	0.6	0.41
329	C3	G	III	0.6	0.41
330	C3	G	III	0.6	0.41
331	C3	A	III	0.6	0.41
332	C3	T	III	0.6	0.41
333	C3	A	III	0.6	0.41
334	C3	G	III	0.6	0.41
335	C3	T	III	0.6	0.41
336	C3	G	III	0.6	0.41
337	C3	G	III	0.6	0.41
338	C3	C	III	0.6	0.41
339	C3	C	III	0.6	0.41
340	C3	T	II	0.8	0.61
341	C3	A	II	0.8	0.61
342	C3	C	II	0.8	0.61
343	C3	C	II	0.8	0.61
344	C3	A	II	0.8	0.61
345	C3	T	II	0.8	0.61
346	C3	G	II	0.8	0.61
347	C3	G	II	0.8	0.61
348	C3	T	II	0.8	0.61
349	C3	T	II	0.8	0.61
350	C3	T	II	0.8	0.61
351	C3	C	II	0.8	0.61
352	C3	A	II	0.8	0.61
353	C3	A	II	0.8	0.61
354	C3	C	II	0.8	0.61
355	C3	G	II	0.8	0.61
356	C3	G	II	0.8	0.61
357	C3	G	II	0.8	0.61
358	C3	T	II	0.8	0.61
359	C3	A	I	1	0.81
360	C3	A	I	1	0.81
361	C3	C	I	1	0.81
362	C3	G	I	1	0.81
363	C3	G	I	1	0.81
364	C3	G	I	1	0.81
365	C3	G	I	1	0.81
366	C3	A	I	1	0.81
367	C3	A	I	1	0.81
368	C3	T	I	1	0.81
369	C3	A	I	1	0.81
370	C3	A	I	1	0.81
371	C3	G	I	1	0.81
372	C3	G	I	1	0.81
373	C3	G	I	1	0.81
374	C3	T	I	1	0.81
375	C3	T	I	1	0.81
376	C3	C	I	1	0.81
377	C3	G	I	1	0.81
378	C3	A	I	1	0.81
379	C3	T	I	1	0.81
380	C3	T	I	1	0.81
381	C3	C	I	1	0.81
382	C3	C	I	1	0.81
383	C3	G	I	1	0.81
384	C3	G	I	1	0.81
385	C3	A	I	1	0.81
386	C3	G	I	1	0.81
387	C3	A	I	1	0.81
388	C3	G	I	1	0.81
389	C3	G	I	1	0.81
390	C3	G	I	1	0.81
391	C3	A	I	1	0.81
392	C3	G	I	1	0.81
393	C3	C	I	1	0.81
394	C3	C	III	0.6	0.41
395	C3	T	III	0.6	0.41
396	C3	G	III	0.6	0.41
397	C3	A	III	0.6	0.41
398	C3	G	III	0.6	0.41
399	C3	A	III	0.6	0.41
400	C3	A	III	0.6	0.41
401	C3	A	III	0.6	0.41
402	C3	C	III	0.6	0.41
403	C3	G	III	0.6	0.41
404	C3	G	III	0.6	0.41
405	C3	C	III	0.6	0.41
406	C3	T	III	0.6	0.41
407	C3	A	III	0.6	0.41
408	C3	C	III	0.6	0.41
409	C3	C	III	0.6	0.41
410	C3	A	III	0.6	0.41
411	C3	C	III	0.6	0.41
412	C3	A	I	1	0.81
413	C3	T	I	1	0.81
414	C3	C	I	1	0.81
415	C3	C	I	1	0.81
416	C3	A	I	1	0.81
417	C3	A	I	1	0.81
418	C3	G	I	1	0.81
419	C3	G	I	1	0.81
420	C3	A	I	1	0.81
421	C3	A	I	1	0.81
422	C3	G	I	1	0.81
423	C3	G	I	1	0.81
424	C3	C	I	1	0.81
425	C3	A	I	1	0.81
426	C3	G	I	1	0.81
427	C3	C	I	1	0.81
428	C3	A	I	1	0.81
429	C3	G	I	1	0.81
430	C3	G	I	1	0.81
431	C3	C	I	1	0.81
432	C3	G	I	1	0.81
433	C3	C	I	1	0.81
434	C3	G	I	1	0.81
435	C3	C	I	1	0.81
436	C3	A	I	1	0.81
437	C3	A	I	1	0.81
438	C3	A	I	1	0.81
439	C3	T	I	1	0.81
440	C3	T	I	1	0.81
441	C3	A	I	1	0.81
442	C3	C	I	1	0.81
443	C3	C	I	1	0.81
444	C3	C	I	1	0.81
445	C3	A	I	1	0.81
446	C3	A	I	1	0.81
447	C3	T	I	1	0.81
448	C3	C	I	1	0.81
449	C3	C	I	1	0.81
450	C3	T	I	1	0.81
451	C3	A	I	1	0.81
452	C3	A	I	1	0.81
453	C3	T	I	1	0.81
454	C3	T	I	1	0.81
455	C3	C	I	1	0.81
456	C3	A	I	1	0.81
457	C3	G	I	1	0.81
458	C3	G	I	1	0.81
459	C3	G	I	1	0.81
460	C3	A	I	1	0.81
461	C3	G	I	1	0.81
462	C3	G	I	1	0.81
463	C3	T	I	1	0.81
464	C3	A	I	1	0.81
465	C3	G	I	1	0.81
466	C3	T	I	1	0.81
467	C3	G	I	1	0.81
468	C3	A	I	1	0.81
469	C3	C	I	1	0.81
470	C3	A	I	1	0.81
471	C3	A	I	1	0.81
472	C3	T	I	1	0.81
473	C3	A	I	1	0.81
474	V3	A	I	1	0.81
475	V3	A	I	1	0.81
476	V3	T	I	1	0.81
477	V3	A	I	1	0.81
478	V3	A	I	1	0.81
479	V3	C	I	1	0.81
480	V3	G	I	1	0.81
481	V3	A	V	0.2	0.06
482	V3	T	V	0.2	0.06
483	V3	A	V	0.2	0.06
484	V3	C	V	0.2	0.06
485	V3	A	V	0.2	0.06
486	V3	G	V	0.2	0.06
487	V3	G	V	0.2	0.06
488	V3	G	V	0.2	0.06
489	V3	C	V	0.2	0.06
490	V3	C	V	0.2	0.06
491	V3	C	V	0.2	0.06
492	V3	A	V	0.2	0.06
493	V3	T	V	0.2	0.06
494	V3	T	V	0.2	0.06
495	V3	C	V	0.2	0.06
496	V3	G	V	0.2	0.06
497	V3	G	V	0.2	0.06
498	V3	G	V	0.2	0.06
499	V3	T	V	0.2	0.06
500	V3	C	V	0.2	0.06
501	V3	T	V	0.2	0.06
502	V3	T	V	0.2	0.06
503	V3	G	V	0.2	0.06
504	V3	T	V	0.2	0.06
505	V3	A	V	0.2	0.06
506	V3	A	V	0.2	0.06
507	V3	T	V	0.2	0.06
508	V3	T	V	0.2	0.06
509	V3	G	V	0.2	0.06
510	V3	G	V	0.2	0.06
511	V3	A	V	0.2	0.06
512	V3	A	V	0.2	0.06
513	V3	T	V	0.2	0.06
514	V3	G	V	0.2	0.06
515	V3	A	II	0.8	0.61
516	V3	G	II	0.8	0.61
517	V3	T	II	0.8	0.61
518	V3	A	II	0.8	0.61
519	V3	C	II	0.8	0.61
520	V3	A	II	0.8	0.61
521	V3	A	II	0.8	0.61
522	V3	T	I	1	0.8
523	V3	G	I	1	0.8
524	V3	T	I	1	0.8
525	V3	A	I	1	0.8
526	V3	A	I	1	0.8
527	V3	A	I	1	0.8
528	V3	T	I	1	0.8
529	V3	A	I	1	0.8
530	V3	C	I	1	0.8
531	V3	C	I	1	0.8
532	V3	T	I	1	0.8
533	V3	T	I	1	0.8
534	V3	A	I	1	0.8
535	V3	A	I	1	0.8
536	V3	C	I	1	0.8
537	V3	G	I	1	0.8
538	V3	A	I	1	0.8
539	V3	G	I	1	0.8
540	V3	G	I	1	0.8
541	V3	A	I	1	0.8
542	V3	A	I	1	0.8
543	V3	C	I	1	0.8
544	V3	A	I	1	0.8
545	V3	A	I	1	0.8
546	V3	T	I	1	0.8
547	V3	T	I	1	0.8
548	V3	G	I	1	0.8
549	V3	G	I	1	0.8
550	C4	A	I	1	0.8
551	C4	G	I	1	0.8
552	C4	G	I	1	0.8
553	C4	G	I	1	0.8
554	C4	C	I	1	0.8
555	C4	A	I	1	0.8
556	C4	A	I	1	0.8
557	C4	G	I	1	0.8
558	C4	T	I	1	0.8
559	C4	C	I	1	0.8
560	C4	T	I	1	0.8
561	C4	G	I	1	0.8
562	C4	G	I	1	0.8
563	C4	T	I	1	0.8
564	C4	G	I	1	0.8
565	C4	C	I	1	0.8
566	C4	C	I	1	0.8
567	C4	A	I	1	0.8
568	C4	G	I	1	0.8
569	C4	C	I	1	0.8
570	C4	A	I	1	0.8
571	C4	G	I	1	0.8
572	C4	C	I	1	0.8
573	C4	C	I	1	0.8
574	C4	G	I	1	0.8
575	C4	C	I	1	0.8
576	C4	G	I	1	0.8
577	C4	G	I	1	0.8
578	C4	T	I	1	0.8
579	C4	A	I	1	0.8
580	C4	A	I	1	0.8
581	C4	T	I	1	0.8
582	C4	T	I	1	0.8
583	C4	C	I	1	0.8
584	C4	C	I	1	0.8
585	C4	A	I	1	0.8
586	C4	G	I	1	0.8
587	C4	C	I	1	0.8
588	C4	T	I	1	0.8
589	C4	C	I	1	0.8
590	C4	C	I	1	0.8
591	C4	A	I	1	0.8
592	C4	A	I	1	0.8
593	C4	T	I	1	0.8
594	C4	A	I	1	0.8
595	C4	G	I	1	0.8
596	C4	C	I	1	0.8
597	C4	G	I	1	0.8
598	C4	T	I	1	0.8
599	C4	A	I	1	0.8
600	C4	T	I	1	0.8
601	C4	A	III	0.6	0.41
602	C4	T	III	0.6	0.41
603	C4	T	III	0.6	0.41
604	C4	A	III	0.6	0.41
605	C4	A	III	0.6	0.41
606	C4	A	III	0.6	0.41
607	C4	G	III	0.6	0.41
608	C4	T	III	0.6	0.41
609	C4	T	III	0.6	0.41
610	C4	G	III	0.6	0.41
611	C4	T	III	0.6	0.41
612	C4	T	III	0.6	0.41
613	C4	G	III	0.6	0.41
614	C4	C	III	0.6	0.41
615	C4	A	III	0.6	0.41
616	C4	G	III	0.6	0.41
617	C4	T	III	0.6	0.41
618	C4	T	III	0.6	0.41
619	C4	A	III	0.6	0.41
620	C4	A	III	0.6	0.41
621	C4	A	III	0.6	0.41
622	C4	A	III	0.6	0.41
623	C4	A	III	0.6	0.41
624	C4	G	III	0.6	0.41
625	C4	C	III	0.6	0.41
626	C4	T	III	0.6	0.41
627	C4	C	III	0.6	0.41
628	C4	G	III	0.6	0.41
629	C4	T	III	0.6	0.41
630	C4	A	III	0.6	0.41
631	C4	G	III	0.6	0.41
632	C4	T	III	0.6	0.41
633	C4	T	III	0.6	0.41
634	C4	G	III	0.6	0.41
635	C4	A	III	0.6	0.41
636	C4	A	III	0.6	0.41
637	C4	C	III	0.6	0.41
638	V4	T	III	0.6	0.41
639	V4	T	III	0.6	0.41
640	V4	T	III	0.6	0.41
641	V4	G	III	0.6	0.41
642	V4	G	III	0.6	0.41
643	V4	G	III	0.6	0.41
644	V4	C	V	0.2	0.06
645	V4	C	V	0.2	0.06
646	V4	C	V	0.2	0.06
647	V4	G	V	0.2	0.06
648	V4	G	V	0.2	0.06
649	V4	T	V	0.2	0.06
650	V4	T	V	0.2	0.06
651	V4	G	V	0.2	0.06
652	V4	G	V	0.2	0.06
653	V4	C	V	0.2	0.06
654	V4	C	V	0.2	0.06
655	V4	G	V	0.2	0.06
656	V4	G	V	0.2	0.06
657	V4	T	V	0.2	0.06
658	V4	C	V	0.2	0.06
659	V4	C	V	0.2	0.06
660	V4	G	V	0.2	0.06
661	V4	A	V	0.2	0.06
662	V4	T	V	0.2	0.06
663	V4	T	V	0.2	0.06
664	V4	T	V	0.2	0.06
665	V4	T	V	0.2	0.06
666	V4	T	V	0.2	0.06
667	V4	T	V	0.2	0.06
668	V4	C	V	0.2	0.06
669	V4	G	V	0.2	0.06
670	V4	T	V	0.2	0.06
671	V4	G	V	0.2	0.06
672	V4	T	V	0.2	0.06
673	V4	A	V	0.2	0.06
674	V4	C	V	0.2	0.06
675	V4	T	V	0.2	0.06
676	V4	G	V	0.2	0.06
677	V4	G	V	0.2	0.06
678	V4	A	V	0.2	0.06
679	V4	T	V	0.2	0.06
680	V4	T	V	0.2	0.06
681	V4	T	V	0.2	0.06
682	V4	C	V	0.2	0.06
683	V4	C	V	0.2	0.06
684	V4	A	V	0.2	0.06
685	V4	A	V	0.2	0.06
686	V4	C	V	0.2	0.06
687	V4	G	VI	0.05	0
688	V4	G	VI	0.05	0
689	V4	G	VI	0.05	0
690	V4	G	VI	0.05	0
691	V4	C	VI	0.05	0
692	V4	C	VI	0.05	0
693	V4	T	VI	0.05	0
694	V4	T	VI	0.05	0
695	V4	T	VI	0.05	0
696	V4	C	VI	0.05	0
697	V4	C	VI	0.05	0
698	V4	T	VI	0.05	0
699	V4	T	VI	0.05	0
700	V4	C	VI	0.05	0
701	V4	T	VI	0.05	0
702	V4	G	VI	0.05	0
703	V4	G	V	0.2	0.06
704	V4	C	V	0.2	0.06
705	V4	T	V	0.2	0.06
706	V4	A	V	0.2	0.06
707	V4	A	V	0.2	0.06
708	V4	C	V	0.2	0.06
709	V4	C	V	0.2	0.06
710	V4	T	V	0.2	0.06
711	V4	T	V	0.2	0.06
712	V4	G	V	0.2	0.06
713	V4	A	V	0.2	0.06
714	V4	G	V	0.2	0.06
715	V4	T	V	0.2	0.06
716	V4	C	V	0.2	0.06
717	V4	C	V	0.2	0.06
718	V4	T	V	0.2	0.06
719	V4	T	V	0.2	0.06
720	V4	G	V	0.2	0.06
721	V4	T	V	0.2	0.06
722	V4	G	VI	0.05	0
723	V4	G	VI	0.05	0
724	V4	C	VI	0.05	0
725	V4	T	VI	0.05	0
726	V4	C	VI	0.05	0
727	V4	T	VI	0.05	0
728	V4	T	VI	0.05	0
729	V4	G	VI	0.05	0
730	V4	G	VI	0.05	0
731	V4	C	VI	0.05	0
732	V4	G	VI	0.05	0
733	V4	A	VI	0.05	0
734	V4	A	VI	0.05	0
735	V4	C	VI	0.05	0
736	V4	C	VI	0.05	0
737	V4	A	V	0.2	0.06
738	V4	G	V	0.2	0.06
739	V4	G	V	0.2	0.06
740	V4	A	V	0.2	0.06
741	V4	C	V	0.2	0.06
742	V4	T	V	0.2	0.06
743	V4	T	V	0.2	0.06
744	V4	T	V	0.2	0.06
745	V4	T	V	0.2	0.06
746	V4	A	V	0.2	0.06
747	V4	C	V	0.2	0.06
748	V4	T	V	0.2	0.06
749	V4	T	V	0.2	0.06
750	V4	T	V	0.2	0.06
751	V4	G	I	1	0.81
752	V4	A	I	1	0.81
753	V4	A	I	1	0.81
754	V4	A	I	1	0.81
755	V4	A	I	1	0.81
756	V4	A	I	1	0.81
757	V4	A	I	1	0.81
758	V4	T	I	1	0.81
759	V4	T	I	1	0.81
760	V4	A	I	1	0.81
761	V4	G	I	1	0.81
762	V4	A	I	1	0.81
763	V4	G	I	1	0.81
764	V4	T	I	1	0.81
765	V4	G	I	1	0.81
766	V4	T	I	1	0.81
767	V4	T	I	1	0.81
768	V4	C	I	1	0.81
769	V4	A	I	1	0.81
770	V4	A	I	1	0.81
771	V4	A	I	1	0.81
772	V4	G	I	1	0.81
773	V4	C	I	1	0.81
774	V4	A	I	1	0.81
775	V4	G	I	1	0.81
776	V4	G	I	1	0.81
777	V4	C	I	1	0.81
778	V4	G	I	1	0.81
779	V4	T	I	1	0.81
780	V4	A	I	1	0.81
781	V4	T	I	1	0.81
782	V4	T	I	1	0.81
783	V4	G	I	1	0.81
784	V4	C	I	1	0.81
785	V4	T	I	1	0.81
786	V4	C	I	1	0.81
787	V4	G	I	1	0.81
788	V4	A	I	1	0.81
789	V4	A	I	1	0.81
790	V4	T	I	1	0.81
791	V4	A	I	1	0.81
792	V4	T	I	1	0.81
793	V4	A	I	1	0.81
794	V4	T	I	1	0.81
795	V4	T	I	1	0.81
796	V4	A	I	1	0.81
797	V4	G	I	1	0.81
798	V4	C	I	1	0.81
799	V4	A	III	0.6	0.41
800	V4	T	III	0.6	0.41
801	V4	G	III	0.6	0.41
802	V4	G	III	0.6	0.41
803	V4	A	III	0.6	0.41
804	V4	A	III	0.6	0.41
805	V4	T	III	0.6	0.41
806	V4	A	III	0.6	0.41
807	V4	A	III	0.6	0.41
808	V4	T	III	0.6	0.41
809	V4	A	III	0.6	0.41
810	V4	G	III	0.6	0.41
811	V4	A	III	0.6	0.41
812	V4	A	III	0.6	0.41
813	V4	T	III	0.6	0.41
814	V4	A	III	0.6	0.41
815	V4	G	III	0.6	0.41
816	V4	G	III	0.6	0.41
817	V4	A	III	0.6	0.41
818	V4	C	III	0.6	0.41
819	V4	G	III	0.6	0.41
820	V4	T	III	0.6	0.41
821	V4	T	III	0.6	0.41
822	V4	T	III	0.6	0.41
823	V4	G	III	0.6	0.41
824	V4	G	V	0.2	0.06
825	V4	T	V	0.2	0.06
826	V4	T	V	0.2	0.06
827	V4	C	V	0.2	0.06
828	V4	T	V	0.2	0.06
829	V4	A	V	0.2	0.06
830	V4	T	V	0.2	0.06
831	V4	T	V	0.2	0.06
832	V4	T	V	0.2	0.06
833	V4	T	V	0.2	0.06
834	V4	G	V	0.2	0.06
835	V4	T	V	0.2	0.06
836	V4	T	V	0.2	0.06
837	V4	G	V	0.2	0.06
838	V4	G	V	0.2	0.06
839	V4	T	V	0.2	0.06
840	V4	T	V	0.2	0.06
841	V4	T	V	0.2	0.06
842	V4	C	V	0.2	0.06
843	V4	T	V	0.2	0.06
844	V4	A	V	0.2	0.06
845	V4	G	V	0.2	0.06
846	V4	G	V	0.2	0.06
847	V4	A	V	0.2	0.06
848	V4	C	V	0.2	0.06
849	V4	C	III	0.6	0.41
850	V4	A	III	0.6	0.41
851	V4	T	III	0.6	0.41
852	V4	C	III	0.6	0.41
853	V4	G	III	0.6	0.41
854	V4	T	III	0.6	0.41
855	V4	A	III	0.6	0.41
856	V4	A	III	0.6	0.41
857	V4	T	III	0.6	0.41
858	C5	G	III	0.6	0.41
859	C5	A	III	0.6	0.41
860	C5	T	III	0.6	0.41
861	C5	T	III	0.6	0.41
862	C5	A	III	0.6	0.41
863	C5	A	III	0.6	0.41
864	C5	T	III	0.6	0.41
865	C5	A	III	0.6	0.41
866	C5	G	I	1	0.8
867	C5	G	I	1	0.8
868	C5	G	I	1	0.8
869	C5	A	I	1	0.8
870	C5	C	I	1	0.8
871	C5	G	I	1	0.8
872	C5	G	I	1	0.8
873	C5	T	I	1	0.8
874	C5	C	I	1	0.8
875	C5	G	I	1	0.8
876	C5	G	I	1	0.8
877	C5	G	I	1	0.8
878	C5	G	I	1	0.8
879	C5	G	I	1	0.8
880	C5	C	I	1	0.8
881	C5	A	I	1	0.8
882	C5	T	I	1	0.8
883	C5	C	I	1	0.8
884	C5	A	III	0.6	0.41
885	C5	G	III	0.6	0.41
886	C5	T	III	0.6	0.41
887	C5	A	III	0.6	0.41
888	C5	T	III	0.6	0.41
889	C5	T	III	0.6	0.41
890	C5	C	III	0.6	0.41
891	C5	A	III	0.6	0.41
892	C5	A	III	0.6	0.41
893	C5	T	III	0.6	0.41
894	C5	T	III	0.6	0.41
895	C5	G	III	0.6	0.41
896	C5	T	III	0.6	0.41
897	C5	C	III	0.6	0.41
898	C5	A	III	0.6	0.41
899	C5	G	III	0.6	0.41
900	C5	A	III	0.6	0.41
901	C5	G	III	0.6	0.41
902	C5	G	IV	0.4	0.21
903	C5	T	IV	0.4	0.21
904	C5	G	IV	0.4	0.21
905	C5	A	IV	0.4	0.21
906	C5	A	IV	0.4	0.21
907	C5	A	IV	0.4	0.21
908	C5	T	IV	0.4	0.21
909	C5	T	IV	0.4	0.21
910	C5	C	IV	0.4	0.21
911	C5	T	IV	0.4	0.21
912	C5	T	IV	0.4	0.21
913	C5	G	IV	0.4	0.21
914	C5	G	IV	0.4	0.21
915	C5	A	IV	0.4	0.21
916	C5	T	IV	0.4	0.21
917	C5	T	IV	0.4	0.21
918	C5	T	IV	0.4	0.21
919	C5	A	IV	0.4	0.21
920	C5	T	IV	0.4	0.21
921	C5	T	IV	0.4	0.21
922	C5	G	IV	0.4	0.21
923	C5	A	IV	0.4	0.21
924	C5	A	IV	0.4	0.21
925	C5	G	IV	0.4	0.21
926	C5	A	IV	0.4	0.21
927	C5	C	IV	0.4	0.21
928	C5	T	IV	0.4	0.21
929	C5	A	IV	0.4	0.21
930	C5	A	IV	0.4	0.21
931	C5	C	IV	0.4	0.21
932	C5	T	IV	0.4	0.21
933	C5	A	IV	0.4	0.21
934	C5	C	IV	0.4	0.21
935	C5	T	IV	0.4	0.21
936	C5	G	IV	0.4	0.21
937	C5	C	II	0.8	0.61
938	C5	G	II	0.8	0.61
939	C5	A	II	0.8	0.61
940	C5	A	II	0.8	0.61
941	C5	A	II	0.8	0.61
942	C5	G	II	0.8	0.61
943	C5	C	II	0.8	0.61
944	C5	A	II	0.8	0.61
945	C5	T	II	0.8	0.61
946	C5	T	II	0.8	0.61
947	C5	T	II	0.8	0.61
948	C5	G	II	0.8	0.61
949	C5	C	II	0.8	0.61
950	C5	C	II	0.8	0.61
951	C5	A	II	0.8	0.61
952	C5	A	II	0.8	0.61
953	C5	G	IV	0.4	0.21
954	C5	G	IV	0.4	0.21
955	C5	A	IV	0.4	0.21
956	C5	C	IV	0.4	0.21
957	C5	G	IV	0.4	0.21
958	C5	T	IV	0.4	0.21
959	C5	T	IV	0.4	0.21
960	C5	T	IV	0.4	0.21
961	C5	T	IV	0.4	0.21
962	C5	C	IV	0.4	0.21
963	C5	A	IV	0.4	0.21
964	C5	T	IV	0.4	0.21
965	C5	T	IV	0.4	0.21
966	C5	A	IV	0.4	0.21
967	C5	A	IV	0.4	0.21
968	C5	T	IV	0.4	0.21
969	C5	C	IV	0.4	0.21
970	C5	A	IV	0.4	0.21
971	C5	A	IV	0.4	0.21
972	C5	G	I	1	0.81
973	C5	A	I	1	0.81
974	C5	A	I	1	0.81
975	C5	C	I	1	0.81
976	C5	G	I	1	0.81
977	C5	A	I	1	0.81
978	C5	A	I	1	0.81
979	C5	A	I	1	0.81
980	C5	G	I	1	0.81
981	C5	T	I	1	0.81
982	C5	T	I	1	0.81
983	C5	A	I	1	0.81
984	C5	G	I	1	0.81
985	C5	G	I	1	0.81
986	C5	G	I	1	0.81
987	C5	G	I	1	0.81
988	C5	A	I	1	0.81
989	C5	T	I	1	0.81
990	C5	C	I	1	0.81
991	C5	G	I	1	0.81
992	C5	A	I	1	0.81
993	C5	A	I	1	0.81
994	C5	G	I	1	0.81
995	C5	A	I	1	0.81
996	C5	T	I	1	0.81
997	C5	G	I	1	0.81
998	C5	A	I	1	0.81
999	C5	T	I	1	0.81
1000	C5	C	I	1	0.81
1001	C5	A	I	1	0.81
1002	C5	G	I	1	0.81
1003	C5	A	I	1	0.81
1004	C5	T	I	1	0.81
1005	C5	A	I	1	0.81
1006	C5	C	I	1	0.81
1007	C5	C	II	0.8	0.61
1008	C5	G	II	0.8	0.61
1009	C5	T	II	0.8	0.61
1010	C5	C	II	0.8	0.61
1011	C5	G	II	0.8	0.61
1012	C5	T	II	0.8	0.61
1013	C5	A	II	0.8	0.61
1014	C5	G	II	0.8	0.61
1015	C5	T	II	0.8	0.61
1016	C5	C	II	0.8	0.61
1017	C5	T	II	0.8	0.61
1018	C5	T	II	0.8	0.61
1019	C5	A	II	0.8	0.61
1020	C5	A	II	0.8	0.61
1021	C5	C	II	0.8	0.61
1022	C5	C	II	0.8	0.61
1023	C5	A	II	0.8	0.61
1024	C5	T	II	0.8	0.61
1025	C5	A	II	0.8	0.61
1026	C5	A	II	0.8	0.61
1027	C5	A	II	0.8	0.61
1028	C5	C	I	1	0.81
1029	C5	T	I	1	0.81
1030	C5	A	I	1	0.81
1031	C5	T	I	1	0.81
1032	C5	G	I	1	0.81
1033	V5	C	I	1	0.81
1034	V5	C	I	1	0.81
1035	V5	G	I	1	0.81
1036	V5	A	I	1	0.81
1037	V5	C	I	1	0.81
1038	V5	T	I	1	0.81
1039	V5	A	I	1	0.81
1040	V5	G	I	1	0.81
1041	V5	G	I	1	0.81
1042	V5	G	I	1	0.81
1043	V5	A	V	0.2	0.06
1044	V5	T	V	0.2	0.06
1045	V5	C	V	0.2	0.06
1046	V5	G	V	0.2	0.06
1047	V5	G	V	0.2	0.06
1048	V5	G	V	0.2	0.06
1049	V5	T	V	0.2	0.06
1050	V5	G	V	0.2	0.06
1051	V5	G	V	0.2	0.06
1052	V5	T	V	0.2	0.06
1053	V5	G	V	0.2	0.06
1054	V5	T	V	0.2	0.06
1055	V5	T	V	0.2	0.06
1056	V5	T	V	0.2	0.06
1057	V5	T	V	0.2	0.06
1058	V5	T	V	0.2	0.06
1059	V5	T	V	0.2	0.06
1060	V5	T	V	0.2	0.06
1061	V5	A	V	0.2	0.06
1062	V5	A	V	0.2	0.06
1063	V5	T	III	0.6	0.41
1064	V5	G	III	0.6	0.41
1065	V5	A	III	0.6	0.41
1066	V5	C	III	0.6	0.41
1067	V5	C	III	0.6	0.41
1068	V5	C	III	0.6	0.41
1069	V5	A	III	0.6	0.41
1070	V5	C	III	0.6	0.41
1071	V5	T	III	0.6	0.41
1072	V5	C	III	0.6	0.41
1073	V5	G	III	0.6	0.41
1074	V5	G	III	0.6	0.41
1075	V5	C	III	0.6	0.41
1076	V5	A	III	0.6	0.41
1077	V5	C	III	0.6	0.41
1078	V5	C	III	0.6	0.41
1079	V5	T	I	1	0.81
1080	V5	T	I	1	0.81
1081	V5	A	I	1	0.81
1082	V5	C	I	1	0.81
1083	V5	G	I	1	0.81
1084	V5	A	I	1	0.81
1085	V5	G	I	1	0.81
1086	V5	A	I	1	0.81
1087	V5	A	I	1	0.81
1088	V5	A	I	1	0.81
1089	V5	T	I	1	0.81
1090	V5	C	I	1	0.81
1091	V5	A	I	1	0.81
1092	V5	A	I	1	0.81
1093	V5	A	I	1	0.81
1094	V5	G	I	1	0.81
1095	V5	T	I	1	0.81
1096	V5	C	I	1	0.81
1097	V5	T	I	1	0.81
1098	V5	T	I	1	0.81
1099	V5	T	I	1	0.81
1100	V5	G	I	1	0.81
1101	V5	G	I	1	0.81
1102	C6	G	I	1	0.81
1103	C6	T	I	1	0.81
1104	C6	T	I	1	0.81
1105	C6	C	I	1	0.81
1106	C6	T	I	1	0.81
1107	C6	G	I	1	0.81
1108	C6	G	I	1	0.81
1109	C6	G	I	1	0.81
1110	C6	G	I	1	0.81
1111	C6	G	I	1	0.81
1112	C6	G	I	1	0.81
1113	C6	A	IV	0.4	0.21
1114	C6	G	IV	0.4	0.21
1115	C6	T	IV	0.4	0.21
1116	C6	A	IV	0.4	0.21
1117	C6	T	IV	0.4	0.21
1118	C6	G	IV	0.4	0.21
1119	C6	G	IV	0.4	0.21
1120	C6	T	IV	0.4	0.21
1121	C6	C	IV	0.4	0.21
1122	C6	G	IV	0.4	0.21
1123	C6	C	IV	0.4	0.21
1124	C6	A	IV	0.4	0.21
1125	C6	A	IV	0.4	0.21
1126	C6	G	IV	0.4	0.21
1127	C6	G	IV	0.4	0.21
1128	C6	C	IV	0.4	0.21
1129	C6	T	IV	0.4	0.21
1130	C6	G	IV	0.4	0.21
1131	C6	A	IV	0.4	0.21
1132	C6	A	IV	0.4	0.21
1133	C6	A	IV	0.4	0.21
1134	C6	C	I	1	0.81
1135	C6	T	I	1	0.81
1136	C6	T	I	1	0.81
1137	C6	A	I	1	0.81
1138	C6	A	I	1	0.81
1139	C6	A	I	1	0.81
1140	C6	G	I	1	0.81
1141	C6	G	I	1	0.81
1142	C6	A	I	1	0.81
1143	C6	A	I	1	0.81
1144	C6	T	I	1	0.81
1145	C6	T	I	1	0.81
1146	C6	G	I	1	0.81
1147	C6	A	I	1	0.81
1148	C6	C	I	1	0.81
1149	C6	G	I	1	0.81
1150	C6	G	I	1	0.81
1151	C6	A	II	0.8	0.61
1152	C6	A	II	0.8	0.61
1153	C6	G	II	0.8	0.61
1154	C6	G	II	0.8	0.61
1155	C6	G	II	0.8	0.61
1156	C6	C	II	0.8	0.61
1157	C6	A	II	0.8	0.61
1158	C6	C	II	0.8	0.61
1159	C6	C	II	0.8	0.61
1160	C6	A	II	0.8	0.61
1161	C6	C	II	0.8	0.61
1162	C6	C	II	0.8	0.61
1163	C6	A	II	0.8	0.61
1164	C6	G	II	0.8	0.61
1165	C6	G	II	0.8	0.61
1166	C6	A	II	0.8	0.61
1167	C6	G	II	0.8	0.61
1168	C6	T	II	0.8	0.61
1169	C6	G	VI	0.05	0
1170	C6	G	VI	0.05	0
1171	C6	A	VI	0.05	0
1172	C6	G	VI	0.05	0
1173	C6	C	VI	0.05	0
1174	C6	C	VI	0.05	0
1175	C6	T	VI	0.05	0
1176	C6	G	VI	0.05	0
1177	C6	C	VI	0.05	0
1178	C6	G	VI	0.05	0
1179	C6	G	VI	0.05	0
1180	C6	C	VI	0.05	0
1181	C6	T	VI	0.05	0
1182	C6	T	VI	0.05	0
1183	C6	A	VI	0.05	0
1184	C6	A	VI	0.05	0
1185	C6	T	VI	0.05	0
1186	C6	T	III	0.6	0.41
1187	C6	T	III	0.6	0.41
1188	C6	G	III	0.6	0.41
1189	C6	A	III	0.6	0.41
1190	C6	C	III	0.6	0.41
1191	C6	T	III	0.6	0.41
1192	C6	C	III	0.6	0.41
1193	C6	A	III	0.6	0.41
1194	C6	A	III	0.6	0.41
1195	C6	C	III	0.6	0.41
1196	C6	A	III	0.6	0.41
1197	C6	C	III	0.6	0.41
1198	C6	G	III	0.6	0.41
1199	C6	G	III	0.6	0.41
1200	C6	G	II	0.8	0.61
1201	C6	G	II	0.8	0.61
1202	C6	A	II	0.8	0.61
1203	C6	A	II	0.8	0.61
1204	C6	A	II	0.8	0.61
1205	C6	C	II	0.8	0.61
1206	C6	T	II	0.8	0.61
1207	C6	C	II	0.8	0.61
1208	C6	A	II	0.8	0.61
1209	C6	C	II	0.8	0.61
1210	C6	C	II	0.8	0.61
1211	C6	A	II	0.8	0.61
1212	C6	G	II	0.8	0.61
1213	C6	G	II	0.8	0.61
1214	C6	T	II	0.8	0.61
1215	V6	C	II	0.8	0.61
1216	V6	C	II	0.8	0.61
1217	V6	A	II	0.8	0.61
1218	V6	G	II	0.8	0.61
1219	V6	A	II	0.8	0.61
1220	V6	C	II	0.8	0.61
1221	V6	A	II	0.8	0.61
1222	V6	C	II	0.8	0.61
1223	V6	A	II	0.8	0.61
1224	V6	A	II	0.8	0.61
1225	V6	T	II	0.8	0.61
1226	V6	A	II	0.8	0.61
1227	V6	A	II	0.8	0.61
1228	V6	G	II	0.8	0.61
1229	V6	G	II	0.8	0.61
1230	V6	A	II	0.8	0.61
1231	V6	T	II	0.8	0.61
1232	V6	T	II	0.8	0.61
1233	V6	G	II	0.8	0.61
1234	V6	A	II	0.8	0.61
1235	V6	C	II	0.8	0.61
1236	V6	A	III	0.6	0.41
1237	V6	G	III	0.6	0.41
1238	V6	A	III	0.6	0.41
1239	V6	T	III	0.6	0.41
1240	V6	T	III	0.6	0.41
1241	V6	G	III	0.6	0.41
1242	V6	A	III	0.6	0.41
1243	V6	G	III	0.6	0.41
1244	V6	A	III	0.6	0.41
1245	V6	G	III	0.6	0.41
1246	V6	C	III	0.6	0.41
1247	V6	T	III	0.6	0.41
1248	V6	C	III	0.6	0.41
1249	V6	T	III	0.6	0.41
1250	V6	T	III	0.6	0.41
1251	V6	T	III	0.6	0.41
1252	V6	C	III	0.6	0.41
1253	V6	T	III	0.6	0.41
1254	V6	T	I	1	0.81
1255	V6	G	I	1	0.81
1256	V6	A	I	1	0.81
1257	V6	T	I	1	0.81
1258	V6	T	I	1	0.81
1259	V6	T	I	1	0.81
1260	V6	T	I	1	0.81
1261	V6	G	I	1	0.81
1262	V6	T	I	1	0.81
1263	V6	G	I	1	0.81
1264	V6	G	I	1	0.81
1265	V6	G	I	1	0.81
1266	C7	T	I	1	0.81
1267	C7	G	I	1	0.81
1268	C7	G	I	1	0.81
1269	C7	T	I	1	0.81
1270	C7	G	II	0.8	0.61
1271	C7	G	II	0.8	0.61
1272	C7	T	II	0.8	0.61
1273	C7	G	II	0.8	0.61
1274	C7	C	II	0.8	0.61
1275	C7	A	II	0.8	0.61
1276	C7	T	II	0.8	0.61
1277	C7	G	II	0.8	0.61
1278	C7	G	II	0.8	0.61
1279	C7	C	II	0.8	0.61
1280	C7	C	II	0.8	0.61
1281	C7	G	II	0.8	0.61
1282	C7	T	II	0.8	0.61
1283	C7	T	II	0.8	0.61
1284	C7	C	II	0.8	0.61
1285	C7	T	II	0.8	0.61
1286	V7	T	II	0.8	0.61
1287	V7	A	II	0.8	0.61
1288	V7	G	II	0.8	0.61
1289	V7	T	II	0.8	0.61
1290	V7	T	II	0.8	0.61
1291	V7	G	II	0.8	0.61
1292	V7	G	II	0.8	0.61
1293	V7	T	II	0.8	0.61
1294	V7	G	II	0.8	0.61
1295	V7	G	II	0.8	0.61
1296	V7	A	II	0.8	0.61
1297	V7	G	II	0.8	0.61
1298	V7	T	II	0.8	0.61
1299	V7	G	II	0.8	0.61
1300	V7	A	II	0.8	0.61
1301	V7	T	II	0.8	0.61
1302	V7	T	II	0.8	0.61
1303	V7	T	II	0.8	0.61
1304	V7	G	IV	0.4	0.21
1305	V7	T	IV	0.4	0.21
1306	V7	C	IV	0.4	0.21
1307	V7	T	IV	0.4	0.21
1308	V7	G	IV	0.4	0.21
1309	V7	C	IV	0.4	0.21
1310	V7	T	IV	0.4	0.21
1311	V7	T	IV	0.4	0.21
1312	V7	A	II-IV	0.8	0.21
1313	V7	A	II-IV	0.8	0.21
1314	V7	T	II-IV	0.8	0.21
1315	V7	T	II-IV	0.8	0.21
1316	V7	G	II-IV	0.8	0.21
1317	V7	C	II-IV	0.8	0.21
1318	V7	G	II-IV	0.8	0.21
1319	V7	A	II-IV	0.8	0.21
1320	V7	T	II-IV	0.8	0.21
1321	V7	A	II-IV	0.8	0.21
1322	V7	A	II-IV	0.8	0.21
1323	V7	C	I-II	1	0.61
1324	V7	G	I-II	1	0.61
1325	V7	A	I-II	1	0.61
1326	V7	A	I-II	1	0.61
1327	V7	C	I-II	1	0.61
1328	V7	G	I-II	1	0.61
1329	V7	A	I-II	1	0.61
1330	V7	G	I	1	0.81
1331	V7	A	I	1	0.81
1332	V7	C	I	1	0.81
1333	V7	C	I	1	0.81
1334	V7	T	I	1	0.81
1335	V7	T	I	1	0.81
1336	V7	A	I	1	0.81
1337	V7	A	I	1	0.81
1338	V7	C	V	0.2	0.06
1339	V7	C	V	0.2	0.06
1340	V7	T	V	0.2	0.06
1341	V7	A	V	0.2	0.06
1342	V7	C	V	0.2	0.06
1343	V7	T	V	0.2	0.06
1344	V7	A	V	0.2	0.06
1345	V7	A	V	0.2	0.06
1346	V7	A	V	0.2	0.06
1347	V7	T	V	0.2	0.06
1348	V7	A	V	0.2	0.06
1349	V7	G	V	0.2	0.06
1350	V7	T	V	0.2	0.06
1351	V7	G	V	0.2	0.06
1352	V7	G	V	0.2	0.06
1353	V7	T	V	0.2	0.06
1354	V7	G	V	0.2	0.06
1355	V7	C	V-VI	0.2	0
1356	V7	T	V-VI	0.2	0
1357	V7	A	V-VI	0.2	0
1358	V7	G	V-VI	0.2	0
1359	V7	C	V-VI	0.2	0
1360	V7	A	V-VI	0.2	0
1361	V7	T	V-VI	0.2	0
1362	V7	T	V-VI	0.2	0
1363	V7	T	V-VI	0.2	0
1364	V7	G	V-VI	0.2	0
1365	V7	C	VI	0.05	0
1366	V7	T	VI	0.05	0
1367	V7	G	VI	0.05	0
1368	V7	G	VI	0.05	0
1369	V7	T	VI	0.05	0
1370	V7	T	VI	0.05	0
1371	V7	A	IV-VI	0.4	0
1372	V7	T	IV-VI	0.4	0
1373	V7	C	IV-VI	0.4	0
1374	V7	C	IV-VI	0.4	0
1375	V7	A	IV-VI	0.4	0
1376	V7	C	IV-VI	0.4	0
1377	V7	T	IV-VI	0.4	0
1378	V7	T	IV-VI	0.4	0
1379	V7	C	IV-VI	0.4	0
1380	V7	T	IV-VI	0.4	0
1381	V7	T	IV-VI	0.4	0
1382	V7	A	IV-VI	0.4	0
1383	V7	G	IV	0.4	0.21
1384	V7	A	IV	0.4	0.21
1385	V7	G	IV	0.4	0.21
1386	V7	G	IV	0.4	0.21
1387	V7	G	IV	0.4	0.21
1388	V7	A	IV	0.4	0.21
1389	V7	C	IV	0.4	0.21
1390	V7	T	IV	0.4	0.21
1391	V7	A	IV	0.4	0.21
1392	V7	T	V	0.2	0.06
1393	V7	C	V	0.2	0.06
1394	V7	G	V	0.2	0.06
1395	V7	G	V	0.2	0.06
1396	V7	T	V	0.2	0.06
1397	V7	T	V	0.2	0.06
1398	V7	T	V	0.2	0.06
1399	V7	C	V	0.2	0.06
1400	V7	A	V	0.2	0.06
1401	V7	A	V	0.2	0.06
1402	V7	G	I-V	1	0.06
1403	V7	C	I-V	1	0.06
1404	V7	C	I-V	1	0.06
1405	V7	G	I-II	1	0.61
1406	V7	A	I-II	1	0.61
1407	V7	T	I-II	1	0.61
1408	V7	G	I-II	1	0.61
1409	V7	G	I-II	1	0.61
1410	V7	A	I-II	1	0.61
1411	V7	A	I-II	1	0.61
1412	V7	G	I-II	1	0.61
1413	V7	T	I-II	1	0.61
1414	V7	T	I-II	1	0.61
1415	V7	T	I-II	1	0.61
1416	V7	G	I-II	1	0.61
1417	V7	A	I-II	1	0.61
1418	V7	G	I-II	1	0.61
1419	V7	G	I-II	1	0.61
1420	V7	C	II	0.8	0.61
1421	V7	A	II	0.8	0.61
1422	C8	A	II	0.8	0.61
1423	C8	T	I	1	0.81
1424	C8	A	I	1	0.81
1425	C8	A	I	1	0.81
1426	C8	C	I	1	0.81
1427	C8	A	I	1	0.81
1428	C8	G	I	1	0.81
1429	C8	G	I	1	0.81
1430	C8	T	I	1	0.81
1431	C8	C	I	1	0.81
1432	C8	T	I	1	0.81
1433	C8	G	I	1	0.81
1434	C8	T	I	1	0.81
1435	C8	G	I	1	0.81
1436	C8	A	I	1	0.81
1437	C8	T	I	1	0.81
1438	C8	G	I	1	0.81
1439	C8	C	I	1	0.81
1440	C8	C	I	1	0.81
1441	C8	C	I	1	0.81
1442	C8	T	III	0.6	0.41
1443	C8	T	III	0.6	0.41
1444	C8	A	III	0.6	0.41
1445	C8	G	III	0.6	0.41
1446	C8	A	III	0.6	0.41
1447	C8	C	III	0.6	0.41
1448	C8	G	III	0.6	0.41
1449	C8	T	III	0.6	0.41
1450	C8	T	III	0.6	0.41
1451	C8	C	III	0.6	0.41
1452	C8	T	III	0.6	0.41
1453	C8	G	III	0.6	0.41
1454	C8	G	III	0.6	0.41
1455	C8	G	III	0.6	0.41
1456	C8	C	III	0.6	0.41
1457	C8	C	II	0.8	0.61
1458	C8	G	II	0.8	0.61
1459	C8	C	II	0.8	0.61
1460	C8	A	II	0.8	0.61
1461	C8	C	II	0.8	0.61
1462	C8	G	II	0.8	0.61
1463	C8	C	II	0.8	0.61
1464	C8	G	II	0.8	0.61
1465	C8	C	II	0.8	0.61
1466	C8	G	II	0.8	0.61
1467	C8	C	II	0.8	0.61
1468	C8	T	II	0.8	0.61
1469	C8	A	II	0.8	0.61
1470	C8	C	II	0.8	0.61
1471	V8	A	II	0.8	0.61
1472	V8	C	II	0.8	0.61
1473	V8	T	IV	0.4	0.21
1474	V8	G	IV	0.4	0.21
1475	V8	A	IV	0.4	0.21
1476	V8	C	IV	0.4	0.21
1477	V8	G	IV	0.4	0.21
1478	V8	G	IV	0.4	0.21
1479	V8	A	IV	0.4	0.21
1480	V8	G	IV	0.4	0.21
1481	V8	C	IV	0.4	0.21
1482	V8	C	IV	0.4	0.21
1483	V8	A	IV	0.4	0.21
1484	V8	G	IV	0.4	0.21
1485	V8	C	IV	0.4	0.21
1486	V8	G	IV	0.4	0.21
1487	V8	A	IV	0.4	0.21
1488	V8	G	IV	0.4	0.21
1489	V8	T	IV	0.4	0.21
1490	V8	C	V	0.2	0.06
1491	V8	T	V	0.2	0.06
1492	V8	A	V	0.2	0.06
1493	V8	A	V	0.2	0.06
1494	V8	C	V	0.2	0.06
1495	V8	C	V	0.2	0.06
1496	V8	T	V	0.2	0.06
1497	V8	T	V	0.2	0.06
1498	V8	G	V	0.2	0.06
1499	V8	G	V	0.2	0.06
1500	V8	C	V	0.2	0.06
1501	V8	C	V	0.2	0.06
1502	V8	G	V	0.2	0.06
1503	V8	A	V	0.2	0.06
1504	V8	G	V	0.2	0.06
1505	V8	A	V	0.2	0.06
1506	V8	G	VI	0.2	0.06
1507	V8	G	VI	0.2	0.06
1508	V8	T	VI	0.2	0.06
1509	V8	C	VI	0.2	0.06
1510	V8	T	VI	0.2	0.06
1511	V8	T	VI	0.2	0.06
1512	V8	G	VI	0.2	0.06
1513	V8	G	VI	0.2	0.06
1514	V8	T	VI	0.2	0.06
1515	V8	A	VI	0.2	0.06
1516	V8	A	VI	0.2	0.06
1517	V8	T	VI	0.2	0.06
1518	V8	C	VI	0.2	0.06
1519	V8	T	VI	0.2	0.06
1520	V8	T	VI	0.2	0.06
1521	V8	G	V	0.2	0.06
1522	V8	T	V	0.2	0.06
1523	V8	G	V	0.2	0.06
1524	V8	A	V	0.2	0.06
1525	V8	A	V	0.2	0.06
1526	V8	A	V	0.2	0.06
1527	V8	C	V	0.2	0.06
1528	V8	T	V	0.2	0.06
1529	V8	C	V	0.2	0.06
1530	V8	C	V	0.2	0.06
1531	V8	G	V	0.2	0.06
1532	V8	T	V	0.2	0.06
1533	V8	C	V	0.2	0.06
1534	V8	G	V	0.2	0.06
1535	V8	T	V	0.2	0.06
1536	V8	G	V	0.2	0.06
1537	V8	C	V	0.2	0.06
1538	V8	T	V	0.2	0.06
1539	C9	G	II	0.8	0.61
1540	C9	G	II	0.8	0.61
1541	C9	G	II	0.8	0.61
1542	C9	G	II	0.8	0.61
1543	C9	A	II	0.8	0.61
1544	C9	T	II	0.8	0.61
1545	C9	A	II	0.8	0.61
1546	C9	G	II	0.8	0.61
1547	C9	A	II	0.8	0.61
1548	C9	G	II	0.8	0.61
1549	C9	C	II	0.8	0.61
1550	C9	A	II	0.8	0.61
1551	C9	T	II	0.8	0.61
1552	C9	T	II	0.8	0.61
1553	C9	G	II	0.8	0.61
1554	C9	T	VI	0.05	0
1555	C9	A	VI	0.05	0
1556	C9	A	VI	0.05	0
1557	C9	T	VI	0.05	0
1558	C9	T	VI	0.05	0
1559	C9	A	VI	0.05	0
1560	C9	T	VI	0.05	0
1561	C9	T	VI	0.05	0
1562	C9	G	VI	0.05	0
1563	C9	C	VI	0.05	0
1564	C9	T	VI	0.05	0
1565	C9	C	VI	0.05	0
1566	C9	T	VI	0.05	0
1567	C9	T	VI	0.05	0
1568	C9	C	VI	0.05	0
1569	C9	A	VI	0.05	0
1570	C9	A	VI	0.05	0
1571	C9	C	II	0.8	0.61
1572	C9	G	II	0.8	0.61
1573	C9	A	II	0.8	0.61
1574	C9	G	II	0.8	0.61
1575	C9	G	II	0.8	0.61
1576	C9	A	II	0.8	0.61
1577	C9	A	II	0.8	0.61
1578	C9	T	II	0.8	0.61
1579	C9	T	II	0.8	0.61
1580	C9	C	II	0.8	0.61
1581	C9	C	II-III	0.8	0.41
1582	C9	T	II-III	0.8	0.41
1583	C9	A	II-III	0.8	0.41
1584	C9	G	II-III	0.8	0.41
1585	C9	T	II-III	0.8	0.41
1586	C9	A	II-III	0.8	0.41
1587	C9	A	II-III	0.8	0.41
1588	C9	G	II-III	0.8	0.41
1589	C9	C	II-VI	0.8	0
1590	C9	G	II-VI	0.8	0
1591	C9	C	II-VI	0.8	0
1592	C9	A	II-VI	0.8	0
1593	C9	A	II-VI	0.8	0
1594	C9	G	II-VI	0.8	0
1595	C9	T	II-VI	0.8	0
1596	C9	C	II-VI	0.8	0
1597	C9	A	II-VI	0.8	0
1598	C9	T	IV-VI	0.4	0
1599	C9	C	IV-VI	0.4	0
1600	C9	A	IV-VI	0.4	0
1601	C9	G	IV-VI	0.4	0
1602	C9	C	IV-VI	0.4	0
1603	C9	T	IV-VI	0.4	0
1604	C9	T	IV-VI	0.4	0
1605	C9	G	IV-VI	0.4	0
1606	C9	C	IV-VI	0.4	0
1607	C9	G	IV-VI	0.4	0
1608	C9	T	II-IV	0.8	0.21
1609	C9	T	II-IV	0.8	0.21
1610	C9	G	II-IV	0.8	0.21
1611	C9	A	II-IV	0.8	0.21
1612	C9	T	II-IV	0.8	0.21
1613	C9	T	II-IV	0.8	0.21
1614	C9	A	II-IV	0.8	0.21
1615	C9	C	II-IV	0.8	0.21
1616	C9	G	II	0.8	0.61
1617	C9	T	II	0.8	0.61
1618	C9	C	II	0.8	0.61
1619	C9	C	II	0.8	0.61
1620	C9	C	II	0.8	0.61
1621	C9	T	II	0.8	0.61
1622	C9	G	II	0.8	0.61
1623	C9	C	II	0.8	0.61
1624	C9	C	II	0.8	0.61
1625	C9	C	II	0.8	0.61
1626	C9	T	II	0.8	0.61
1627	C9	T	II	0.8	0.61
1628	C9	T	II	0.8	0.61
1629	C9	G	II	0.8	0.61
1630	C9	T	II	0.8	0.61
1631	C9	A	II	0.8	0.61
1632	C9	C	II	0.8	0.61
1633	C9	A	II	0.8	0.61
1634	C9	C	II	0.8	0.61
1635	C9	A	II	0.8	0.61
1636	C9	C	II	0.8	0.61
1637	C9	C	II	0.8	0.61
1638	C9	G	II	0.8	0.61
1639	C9	C	II	0.8	0.61
1640	C9	C	III	0.6	0.41
1641	C9	C	III	0.6	0.41
1642	V9	G	III	0.6	0.41
1643	V9	T	III	0.6	0.41
1644	V9	C	III	0.6	0.41
1645	V9	G	III	0.6	0.41
1646	V9	C	III	0.6	0.41
1647	V9	T	III	0.6	0.41
1648	V9	A	III	0.6	0.41
1649	V9	G	III	0.6	0.41
1650	V9	T	III	0.6	0.41
1651	V9	A	III	0.6	0.41
1652	V9	C	III	0.6	0.41
1653	V9	C	III	0.6	0.41
1654	V9	G	III	0.6	0.41
1655	V9	A	III	0.6	0.41
1656	V9	T	III	0.6	0.41
1657	V9	T	III	0.6	0.41
1658	V9	G	III	0.6	0.41
1659	V9	A	III	0.6	0.41
1660	V9	A	III	0.6	0.41
1661	V9	T	V	0.2	0.06
1662	V9	G	V	0.2	0.06
1663	V9	G	V	0.2	0.06
1664	V9	C	V	0.2	0.06
1665	V9	T	V	0.2	0.06
1666	V9	T	V	0.2	0.06
1667	V9	A	V	0.2	0.06
1668	V9	G	V	0.2	0.06
1669	V9	T	V	0.2	0.06
1670	V9	G	V	0.2	0.06
1671	V9	A	V	0.2	0.06
1672	V9	G	V	0.2	0.06
1673	V9	G	V	0.2	0.06
1674	V9	C	V	0.2	0.06
1675	V9	C	V	0.2	0.06
1676	V9	T	V	0.2	0.06
1677	V9	C	V	0.2	0.06
1678	V9	A	V	0.2	0.06
1679	V9	G	V	0.2	0.06
1680	V9	G	V	0.2	0.06
1681	V9	A	V	0.2	0.06
1682	V9	T	V	0.2	0.06
1683	V9	C	V	0.2	0.06
1684	V9	T	V	0.2	0.06
1685	V9	G	V	0.2	0.06
1686	V9	C	V	0.2	0.06
1687	V9	T	V	0.2	0.06
1688	V9	T	V	0.2	0.06
1689	V9	A	V	0.2	0.06
1690	V9	G	V	0.2	0.06
1691	V9	A	V	0.2	0.06
1692	V9	G	V	0.2	0.06
1693	V9	A	V	0.2	0.06
1694	V9	A	V	0.2	0.06
1695	V9	G	V	0.2	0.06
1696	V9	G	V	0.2	0.06
1697	V9	G	V	0.2	0.06
1698	V9	G	VI	0.05	0
1699	V9	G	VI	0.05	0
1700	V9	C	VI	0.05	0
1701	V9	A	VI	0.05	0
1702	V9	A	VI	0.05	0
1703	V9	C	VI	0.05	0
1704	V9	T	VI	0.05	0
1705	V9	C	VI	0.05	0
1706	V9	C	VI	0.05	0
1707	V9	A	VI	0.05	0
1708	V9	T	VI	0.05	0
1709	V9	C	VI	0.05	0
1710	V9	T	VI	0.05	0
1711	V9	C	VI	0.05	0
1712	V9	A	VI	0.05	0
1713	V9	G	VI	0.05	0
1714	V9	A	VI	0.05	0
1715	V9	G	V	0.2	0.06
1716	V9	C	V	0.2	0.06
1717	V9	G	V	0.2	0.06
1718	V9	G	V	0.2	0.06
1719	V9	A	V	0.2	0.06
1720	V9	G	V	0.2	0.06
1721	V9	A	V	0.2	0.06
1722	V9	A	V	0.2	0.06
1723	V9	T	V	0.2	0.06
1724	V9	T	V	0.2	0.06
1725	V9	T	V	0.2	0.06
1726	V9	G	V	0.2	0.06
1727	V9	G	V	0.2	0.06
1728	V9	A	V	0.2	0.06
1729	V9	C	V	0.2	0.06
1730	V9	A	V	0.2	0.06
1731	V9	A	V	0.2	0.06
1732	V9	A	V	0.2	0.06
1733	V9	C	III	0.6	0.41
1734	V9	T	III	0.6	0.41
1735	V9	T	III	0.6	0.41
1736	V9	G	III	0.6	0.41
1737	V9	G	III	0.6	0.41
1738	V9	T	III	0.6	0.41
1739	V9	C	III	0.6	0.41
1740	V9	A	III	0.6	0.41
1741	V9	T	III	0.6	0.41
1742	V9	T	III	0.6	0.41
1743	V9	T	III	0.6	0.41
1744	V9	A	III	0.6	0.41
1745	V9	G	III	0.6	0.41
1746	V9	A	III	0.6	0.41
1747	V9	G	III	0.6	0.41
1748	V9	G	III	0.6	0.41
1749	V9	A	III	0.6	0.41
1750	V9	A	III	0.6	0.41
1751	V9	C	I	1	0.81
1752	V9	T	I	1	0.81
1753	V9	A	I	1	0.81
1754	V9	A	I	1	0.81
1755	V9	A	I	1	0.81
1756	V9	A	I	1	0.81
1757	V9	G	I	1	0.81
1758	V9	T	I	1	0.81
1759	V9	C	I	1	0.81
1760	C10	G	I	1	0.81
1761	C10	T	I	1	0.81
1762	C10	A	I	1	0.81
1763	C10	A	I	1	0.81
1764	C10	C	I	1	0.81
1765	C10	A	I-V	1	0.06
1766	C10	A	I-V	1	0.06
1767	C10	G	I-V	1	0.06
1768	C10	G	I-V	1	0.06
1769	C10	T	I-V	1	0.06
1770	C10	T	V	0.2	0.06
1771	C10	T	V	0.2	0.06
1772	C10	C	V	0.2	0.06
1773	C10	C	V	0.2	0.06
1774	C10	G	V	0.2	0.06
1775	C10	T	V	0.2	0.06
1776	C10	A	V	0.2	0.06
1777	C10	G	V	0.2	0.06
1778	C10	G	V	0.2	0.06
1779	C10	T	V	0.2	0.06
1780	C10	G	V	0.2	0.06
1781	C10	A	V	0.2	0.06
1782	C10	A	III-IV	0.6	0
1783	C10	C	III-IV	0.6	0
1784	C10	C	III-IV	0.6	0
1785	C10	T	III-IV	0.6	0
1786	C10	G	III-IV	0.6	0
1787	C10	C	III-IV	0.6	0
1788	C10	G	III-V	0.6	0.06
1789	C10	G	III-V	0.6	0.06
1790	C10	A	III-V	0.6	0.06
1791	C10	A	III-V	0.6	0.06
1792	C10	G	III-V	0.6	0.06
1793	C10	G	III-V	0.6	0.06
1794	C10	A	III-V	0.6	0.06
1795	C10	T	III-V	0.6	0.06
1796	C10	C	III-V	0.6	0.06
1797	C10	A	III-V	0.6	0.06
1798	C10	T	III-V	0.6	0.06
1799	C10	T	III-V	0.6	0.06
1800	C10	A	III-V	0.6	0.06
